"term_gpa","TotalSleepTime","cum_gpa","Zterm_units_ZofZ","study","high_gpa"
3.38,7.20333333333333,3,4.055294859,"5","1"
2.6,6.53218390833333,3.66,2.482534122,"5","0"
3.07,5.73840579666667,3.57,2.30778293,"5","1"
3.56,6.54367816166667,3.61,1.958280544,"5","1"
4,7.05701754333333,3.21,1.958280544,"5","1"
3.36,6.62333333333333,3.2,1.783529351,"5","1"
3.19,5.80987654333333,3.4,1.783529351,"5","1"
3.28,7.035185185,3.86,1.783529351,"5","1"
3.5,7.57202381,3.79,1.783529351,"5","1"
2.55,5.14942528666667,3.53,1.608778158,"5","0"
3.49,5.24310344833333,3.61,1.608778158,"5","1"
3.76,6.369871795,3.82,1.434026965,"5","1"
3.74,6.49540229833333,3.33,1.434026965,"5","1"
4,6.09540229833333,4,1.434026965,"5","1"
3.56,6,3.16,1.259275772,"5","1"
3.2,6.11264367833333,3,1.259275772,"5","1"
2.78,4.868390805,3.77,1.259275772,"5","0"
2.83,7.43550724666667,3.71,1.259275772,"5","0"
3.78,6.195454545,3.82,1.259275772,"5","1"
3.3,7.32586206833333,3.1,1.084524579,"5","1"
3.44,5.98620689666667,4,0.909773386,"5","1"
3.05,6.41379310333333,3.17,0.909773386,"5","1"
3.82,6.20416666666667,4,0.735022193,"5","1"
3,6.706944445,3.47,0.735022193,"5","1"
3.81,6.01436781666667,3.62,0.735022193,"5","1"
2.61,7.38563218333333,2.91,0.735022193,"5","0"
3.17,6.26333333333333,3.79,0.735022193,"5","1"
2.67,5.59927536166667,1.57,0.735022193,"5","0"
3.4,6.12407407333333,3.5,0.560271,"5","1"
4,6.80192307666667,4,0.560271,"5","1"
2.94,6.187931035,3.3,0.560271,"5","0"
1.7,5.00625,3.28,0.560271,"5","0"
3.81,6.21954023,4,0.560271,"5","1"
3.46,7.16436781666667,3.52,0.560271,"5","1"
3.51,6.522,3.29,0.560271,"5","1"
3.81,6.09861111166667,3.72,0.560271,"5","1"
3.8,5.70757575833333,3.76,0.560271,"5","1"
3.77,4.89137931,4,0.560271,"5","1"
3.4,6.85517241333333,4,0.385519807,"5","1"
3.83,7.965384615,3.48,0.385519807,"5","1"
2.43,7.46091954,3.07,0.385519807,"5","0"
3.79,7.404761905,3.71,0.385519807,"5","1"
4,7.38965517166667,3.8,0.385519807,"5","1"
3.39,6.684615385,3.74,0.385519807,"5","1"
3.55,6.87559523833333,3.76,0.385519807,"5","1"
3.5,7.36818181833333,3.46,0.385519807,"5","1"
3.06,6.77533333333333,3.72,0.210768614,"5","1"
4,7.43205128166667,4,0.210768614,"5","1"
3.59,6.77126436833333,3.23,0.210768614,"5","1"
1.69,7.025,3.2,0.210768614,"5","0"
2.46,6.04901960833333,2.62,0.210768614,"5","0"
3.41,6.03988095166667,3,0.210768614,"5","1"
4,7.33103448333333,3.46,0.210768614,"5","1"
3.56,6.32471264333333,4,0.036017421,"5","1"
4,6.29722222166667,4,0.036017421,"5","1"
4,7.07873563166667,3.79,0.036017421,"5","1"
2.32,7.22173913,1.21,0.036017421,"5","0"
3.53,6.37440476166667,2.65,0.036017421,"5","1"
1.79,6.65784313666667,1.94,0.036017421,"5","0"
3.69,5.99166666666667,3.4,-0.138733771,"5","1"
2.98,5.05705128166667,1.91,-0.138733771,"5","0"
3.3,6.29275362333333,3.21,-0.138733771,"5","1"
3.06,6.66975308666667,2.93,-0.138733771,"5","1"
3.6,6.55869565166667,3.81,-0.138733771,"5","1"
3.61,7.17916666666667,3.44,-0.138733771,"5","1"
4,6.63141025666667,4,-0.138733771,"5","1"
4,6.63939394,3.98,-0.138733771,"5","1"
3.18,7.607738095,3.79,-0.138733771,"5","1"
2.76,6.55964912333333,2.15,-0.138733771,"5","0"
3.23,6.67857142833333,2.76,-0.138733771,"5","1"
2.6,7.04712643666667,3.09,-0.313484964,"5","0"
2.33,6.974,2.5,-0.313484964,"5","0"
4,7.95714285666667,4,-0.313484964,"5","1"
4,7.36845238166667,4,-0.313484964,"5","1"
3.56,4.44722222166667,2.98,-0.313484964,"5","1"
3.26,6.02380952333333,3.52,-0.313484964,"5","1"
2.98,5.50804597666667,3.56,-0.313484964,"5","0"
3.2,6.48974359,2.82,-0.313484964,"5","1"
4,7.426785715,3.8,-0.313484964,"5","1"
4,6.58111111166667,4,-0.313484964,"5","1"
3.04,6.46547619,3.26,-0.313484964,"5","1"
3.25,6.912,3.77,-0.313484964,"5","1"
3.6,5.12243589666667,3.4,-0.313484964,"5","1"
3.19,7.29367816166667,3.41,-0.313484964,"5","1"
3.38,6.56904761833333,3.61,-0.313484964,"5","1"
3.38,6.64166666666667,3.35,-0.313484964,"5","1"
1.38,5.0625,3.22,-0.313484964,"5","0"
3.77,7.73188405833333,3.71,-0.488236157,"5","1"
3.5,5.88020833333333,2.33,-0.488236157,"5","1"
3.38,6.175396825,3.76,-0.488236157,"5","1"
2.49,6.30416666666667,3.21,-0.66298735,"5","0"
3.48,6.02456140333333,3.74,-0.66298735,"5","1"
3.74,7.42643678166667,3.74,-0.66298735,"5","1"
3.41,7.168055555,3.79,-0.66298735,"5","1"
2.47,6.30128205166667,3.29,-0.837738543,"5","0"
2.6,6.48030303,3.21,-0.837738543,"5","0"
2.87,6.47738095166667,3.29,-0.837738543,"5","0"
2.4,7.31049382666667,2.57,-0.837738543,"5","0"
2.8,5.41049382666667,2,-0.837738543,"5","0"
3.6,9.57241379333333,3.49,-0.837738543,"5","1"
3,5.00632183833333,1.95,-0.837738543,"5","1"
3.75,6.12986111166667,3,-0.837738543,"5","1"
2.4,6.01149425333333,3.07,-0.837738543,"5","0"
3.6,6.38866666666667,3,-0.837738543,"5","1"
3.6,6.64876543166667,3.39,-0.837738543,"5","1"
2.6,7.67530864166667,3.57,-0.837738543,"5","0"
3.8,5.82254902,3.39,-0.837738543,"5","1"
3.4,5.44166666666667,3.25,-0.837738543,"5","1"
3.13,6.66488095166667,2.67,-0.837738543,"5","1"
4,6.01014492833333,3.79,-0.837738543,"5","1"
2.73,7.187931035,3.05,-0.837738543,"5","0"
3.4,6.86439394,2.91,-0.837738543,"5","1"
3.36,7.03154761833333,2.9,-0.837738543,"5","1"
3.12,7.76547619,2.84,-0.837738543,"5","1"
2.77,6.710869565,2.49,-1.012489736,"5","0"
3.22,6.17413793166667,3.8,-1.012489736,"5","1"
3.21,5.638194445,3.43,-1.187240929,"5","1"
3.07,7.14382716,2.44,-1.187240929,"5","1"
1.97,7.757471265,2.7,-1.187240929,"5","0"
3.49,6.901149425,3.23,-1.187240929,"5","1"
4,5.76488095166667,4,-1.187240929,"5","1"
3.28,6.88965517166667,2.96,-1.361992122,"5","1"
3.54,6.89367816166667,3.49,-1.361992122,"5","1"
3.57,6.94540229833333,2.93,-1.361992122,"5","1"
3.51,5.86049382666667,3.5,-1.536743315,"5","1"
4,7.41521739166667,4,-1.536743315,"5","1"
3.29,6.25133333333333,3.47,-1.536743315,"5","1"
3.03,5.59761904833333,3.27,-1.711494508,"5","1"
4,6.53735632166667,4,-1.711494508,"5","1"
1.5,5.95057471333333,2,-1.711494508,"5","0"
3.08,5.80138888833333,2.6,-1.886245701,"5","1"
3.27,6.71607142833333,3.552758621,1.603330987,"3","1"
4,4.94916666666667,4,1.065991594,"1","1"
3.28,5.23115942,2.98,0.350165843,"1","1"
3.833333,9.794444445,3.321428036,1.680126039,"2","1"
3.476923,6.78141025666667,3.426666267,-0.497815123,"2","1"
3.1,6.854444445,3.265517103,0.373361342,"2","1"
3.5,6.75357142833333,3.17999955,-1.80457982,"2","1"
2.992307,6.60833333333333,2.566666,-0.497815123,"2","0"
3.478571,6.48333333333333,3.740740481,-0.06222689,"2","1"
3.192857,7.23333333333333,3.6999995,-0.06222689,"2","1"
3.95,7.09107142833333,3.799999864,-1.80457982,"2","1"
3.866666,6.58154761833333,3.6999995,-0.933403355,"2","1"
2.728571,7.825,3.126470529,-0.06222689,"2","0"
3.435714,6.87592592666667,3.599999619,-0.06222689,"2","1"
3.466666,6.80925926,3.499999667,0.373361342,"2","1"
3.527777,7.16728395,3.65,1.680126039,"2","1"
3.666666,6.64166666666667,3.796551103,0.373361342,"2","1"
3.753846,6.292261905,3.78399956,-0.497815123,"2","1"
3.646666,6.573214285,3.4875,0.373361342,"2","1"
2.26923,6.64861111166667,3.375,-0.497815123,"2","0"
3.966666,6.78869047666667,3.370967742,0.373361342,"2","1"
3.076923,8.315384615,3.249999679,-0.497815123,"2","1"
2.690909,6.507738095,3.351724138,-1.368991587,"2","0"
3.766666,6.13141025666667,3.279310103,0.373361342,"2","1"
3.446153,7.17380952333333,2.331817364,-0.497815123,"2","1"
3.533333,6.547530865,3.6599998,0.373361342,"2","1"
2.871428,5.58630952333333,3.35599984,-0.06222689,"2","0"
3,6.154761905,2.7,-0.933403355,"2","1"
3.517647,7.85535714333333,3.543749469,1.244537807,"2","1"
3.376923,6.749358975,2.310344414,-0.497815123,"2","1"
2.870588,6.24814814833333,2.249999462,1.244537807,"2","0"
3.92,7.24761904833333,3.775,-1.000208817,"3","1"
3.39,5.88869047666667,3.010952381,0.561915066,"3","1"
3.85,5.82619047666667,3.835909091,-1.000208817,"3","1"
3.53,7.42738095166667,3.16,0.041207105,"3","1"
2.9,5.600694445,3.156818182,-1.520916778,"3","0"
3.62,6.93630952333333,3.201111111,1.603330987,"3","1"
3.72,7.31488095166667,3.534444444,-0.479500856,"3","1"
2.57,6.226,2.605714286,0.041207105,"3","0"
3.33,7.01527777833333,3.482173913,0.561915066,"3","1"
3.85,6.417261905,3.802083333,1.603330987,"3","1"
1.55,6.75378787833333,2.9855,-2.041624739,"3","0"
3.25,6.71,3.800454545,-1.000208817,"3","1"
3.35,6.835185185,3.662727273,-1.000208817,"3","1"
2.97,5.59382716,2.850714286,0.561915066,"3","0"
2.8,8.53,3.24,-1.000208817,"3","0"
3.52,6.82916666666667,3.26,-1.000208817,"3","1"
3.37,6.91282051333333,3.426551724,0.041207105,"3","1"
2.54,5.78015873,2.37,0.11155726,"1","0"
3.81,7.45632183833333,4,-0.127051324,"1","1"
2.55,4.173188405,3.58,1.304600178,"1","0"
3.63,5.34920635,4,-0.127051324,"1","1"
3.5,5.48395061666667,3.627272545,-1.80457982,"2","1"
3.466666,6.46964285666667,3.629166333,0.373361342,"2","1"
3.483333,7.044444445,3.434482069,-0.933403355,"2","1"
3.4,6.76410256333333,3.5249996,-1.80457982,"2","1"
3.15,6.13405797166667,2.8999996,1.680126039,"2","1"
3.76923,6.70466666666667,3.3499995,-0.497815123,"2","1"
4,7.91543209833333,3.896774032,0.373361342,"2","1"
3.888888,6.99122807,3.925806129,1.680126039,"2","1"
3.65,6.90493827166667,3.58749975,-1.80457982,"2","1"
2.35,6.52254902,2.738461154,-1.80457982,"2","0"
3.95,5.85802469166667,3.681818,-1.80457982,"2","1"
3.73125,7.32857142833333,3.608695435,0.808949574,"2","1"
2.64,6.03809523833333,2.9484,0.041207105,"3","0"
3.67,6.89567901166667,3.048181818,1.082623027,"3","1"
2.97,6.860714285,3.455,1.082623027,"3","0"
3,7.43630952333333,3.13,0.041207105,"3","1"
3.53,7.029761905,3.0425,0.041207105,"3","1"
3.32,6.589285715,3.7,1.603330987,"3","1"
2.54,6.0125,2.206363636,1.082623027,"3","0"
4,7.3,3.563214286,0.041207105,"3","1"
3.63,7.307738095,3.818,0.041207105,"3","1"
3.45,6.395238095,2.961363636,-1.000208817,"3","1"
3.5,7.310714285,3.728181818,0.561915066,"3","1"
1.8,6.73988095166667,2.99625,-1.520916778,"3","0"
3.4,7.09642857166667,3.735,-1.000208817,"3","1"
2.5,5.955555555,3.149333333,1.082623027,"3","0"
3.1,8.45166666666667,3.7075,0.041207105,"3","1"
3.47,7.45933333333333,3.4136,0.041207105,"3","1"
3.15,6.43666666666667,3.456,-1.000208817,"3","1"
2.46,6.41,3.075,0.041207105,"3","0"
3.35,6.95297619,2.617058824,1.082623027,"3","1"
3.47,8.48809523833333,3.155769231,0.561915066,"3","1"
3.666833333,7.609444445,3.333166667,NA,"4","1"
3.5,7.16011904833333,3.166666667,NA,"4","1"
3.277833333,6.99833333333333,2.9334,NA,"4","1"
3.4668,4.56527777833333,2.8002,NA,"4","1"
3.2666,5.94722222166667,3.3334,NA,"4","1"
3.722333333,6.40333333333333,3.722166667,NA,"4","1"
3.809571429,5.458641975,3.6666,NA,"4","1"
3.333333333,4.59743589666667,3.055666667,NA,"4","1"
3.63,5.26034482833333,3.2,1.543208762,"1","1"
2.8,8.01011904833333,3.140833333,0.041207105,"3","0"
3.76,6.16728395,4,0.11155726,"1","1"
3.55,6.77933333333333,4,0.11155726,"1","1"
3.59,4.229411765,3,-0.604268491,"1","1"
3.46,6.86419753166667,3.8,-2.274528576,"1","1"
3.5,6.80185185166667,3.17,-2.274528576,"1","1"
3.61,7.16875,4,-0.365659907,"1","1"
3.44,5.962,4,1.304600178,"1","1"
4,6.702469135,3.79,-0.604268491,"1","1"
3.81,6.129310345,3.57,0.588774427,"1","1"
3.57,6.10679012333333,3.7,0.350165843,"1","1"
4,7.59358974333333,4,0.588774427,"1","1"
3.12,5.51491228,2.92,0.350165843,"1","1"
3.81,6.77884615333333,3.74,0.827383011,"1","1"
2.98,7.59047619,3.48,-0.127051324,"1","0"
4,4.984920635,4,0.588774427,"1","1"
4,5.71794871833333,3.07,-0.127051324,"1","1"
4,6.63333333333333,4,-0.842877075,"1","1"
3.56,4.71851851833333,3.81,-0.127051324,"1","1"
3.81,5.64464285666667,3.4,0.588774427,"1","1"
3.72,7.12133333333333,3.76,-1.320094242,"1","1"
4,6.63205128166667,3.6,0.588774427,"1","1"
3,6.89642857166667,3.79,0.588774427,"1","1"
3.28,6.23133333333333,3.29,-0.842877075,"1","1"
4,7.54222222166667,4,1.543208762,"1","1"
3.24,5.02183908,3.58,1.781817345,"1","1"
4,6.58045977,4,0.350165843,"1","1"
3.6,6.416,3.12,-0.842877075,"1","1"
3.59,7.07797619,3.81,0.11155726,"1","1"
3.6,5.691358025,3.49,-0.842877075,"1","1"
3.49,5.82719298166667,2.65,-0.127051324,"1","1"
2.49,6.675694445,3.25,-2.51313716,"1","0"
3.45,6.77916666666667,3.52,-2.035919993,"1","1"
3.8,5.60287356333333,3.78,0.11155726,"1","1"
1.5,3.66458333333333,2.78,-0.604268491,"1","0"
4,8.01964285666667,4,1.065991594,"1","1"
3.76,7.139473685,3.69,1.781817345,"1","1"
3.53,7.02254902,4,-0.365659907,"1","1"
2.6,5.85333333333333,3.55,1.065991594,"1","0"
3,6.17469135833333,3.57,-0.127051324,"1","1"
3.59,5.79761904833333,3.8,-0.604268491,"1","1"
2.84,6.80459770166667,2.49,0.11155726,"1","0"
2.8,6.92948718,3.17,-0.604268491,"1","0"
4,6.91153846166667,3.8,-0.365659907,"1","1"
3.5,7.45833333333333,3.7666665,-0.06222689,"2","1"
3.127777,7.612,3.5999996,1.680126039,"2","1"
3.9,8.64285714333333,3.533333,0.373361342,"2","1"
3.9,8.22619047666667,3.746153846,0.373361342,"2","1"
2.75,4.56964285666667,2.882758207,-0.06222689,"2","0"
3.1,8.23974359,3.15185137,0.373361342,"2","1"
2.933333,7.41488095166667,2.915384,0.373361342,"2","0"
3.8,6.36964285666667,3.451851556,0.373361342,"2","1"
1.7,7.78645833333333,2.916666,0.373361342,"2","0"
3.933333,7.311728395,3.33571375,0.373361342,"2","1"
4,7.65802469166667,4,-0.497815123,"2","1"
3.6,7.35059523833333,3.532257903,0.373361342,"2","1"
3.344444,5.48141025666667,3.651515121,1.680126039,"2","1"
3.833333,6.03541666666667,3.757575182,0.373361342,"2","1"
2.5,4.25617284,3.346428179,-1.80457982,"2","0"
3.55,8.520987655,3.583333,-1.80457982,"2","1"
3.266666,7.03787878833333,3.7799996,0.373361342,"2","1"
3.933333,7.36666666666667,3.8166665,0.373361342,"2","1"
3.85,6.70987654333333,3.912902516,0.808949574,"2","1"
3.653846,7.16904761833333,3.528571429,-0.497815123,"2","1"
1.7,5.469444445,2.939285286,0.373361342,"2","0"
3.972727,6.969444445,4,-1.368991587,"2","1"
3.623076,7.20308642,3.6999995,-0.497815123,"2","1"
3.66923,8.12440476166667,3.82,-0.497815123,"2","1"
3.875,6.8125,3.749999643,0.808949574,"2","1"
3.752941,6.15892857166667,3.818749563,1.244537807,"2","1"
3.230769,8.095238095,3.077418968,-0.497815123,"2","1"
3.95,8.08611111166667,3.856521391,-1.80457982,"2","1"
3.9,8.289285715,2.603447931,-0.497815123,"2","1"
4,6.394444445,3.913792345,0.373361342,"2","1"
3.566666,4.85757575833333,3.45999992,0.373361342,"2","1"
3.721428,6.184615385,3.315151182,-0.06222689,"2","1"
3.5,7.57843137333333,3.2799998,-1.80457982,"2","1"
3.5,5.93035714333333,3.3799998,0.373361342,"2","1"
3.233333,6.33611111166667,3.4156245,0.373361342,"2","1"
3.538461,7.05777777833333,3.675,-0.497815123,"2","1"
3.5,6.45072463833333,3.43999985,-1.80457982,"2","1"
3.033333,8.04333333333333,3.326086652,0.373361342,"2","1"
3.2,6.97833333333333,3.111110778,0.373361342,"2","1"
3.961538,6.808,3.8799998,-0.497815123,"2","1"
3.592307,5.98717948666667,3.621739,-0.497815123,"2","1"
3.966666,6.87166666666667,3.8666665,0.373361342,"2","1"
3.9,8.526785715,3.916666,0.373361342,"2","1"
3.933333,7.63333333333333,3.7,0.373361342,"2","1"
2.533333,7.53066666666667,3.333332556,0.373361342,"2","0"
3.964285,6.54197530833333,3.955172,-0.06222689,"2","1"
3.966666,6.551785715,3.579999833,-0.933403355,"2","1"
3.952941,6.77857142833333,3.913792862,1.244537807,"2","1"
3.55,6.03035714333333,3.458620069,-1.80457982,"2","1"
2.9,6.08141025666667,3.090624375,1.680126039,"2","0"
3.733333,7.27266666666667,3.725806129,0.373361342,"2","1"
3.833333,7.20952381,3.892856357,0.373361342,"2","1"
3.566666,6.65583333333333,3.72,0.373361342,"2","1"
3.766666,8.11785714333333,3.7999995,0.373361342,"2","1"
3.233333,7.675641025,3.316666,-0.933403355,"2","1"
3.744444,6.89464285666667,3.7499995,1.680126039,"2","1"
3.966666,7.17440476166667,4,0.373361342,"2","1"
3.483333,7.46474359,2.637930517,1.680126039,"2","1"
3.83125,7.25297619,3.645454394,0.808949574,"2","1"
3.4,6.482738095,3.299999586,0.373361342,"2","1"
3.8,6.24074074,3.910714143,0.373361342,"2","1"
2.866666,6.73958333333333,2.608695217,0.373361342,"2","0"
2.9,7.25724637666667,3.1999995,0.373361342,"2","0"
3.633333,7.28560606,3.08,0.373361342,"2","1"
3.87,7.02738095166667,3.865,0.041207105,"3","1"
3.29,7.23611111166667,3.458,-0.479500856,"3","1"
3.76,6.500694445,3.2928125,0.561915066,"3","1"
2.8,6.774305555,2.958275862,-1.000208817,"3","0"
3,7.66956521666667,2.625,0.041207105,"3","1"
3.25,6.90652173833333,3.05,0.041207105,"3","1"
2.68,5.95357142833333,2.822222222,-0.479500856,"3","0"
3.84,6.87692307666667,3.695517241,0.561915066,"3","1"
3.79,8.08580246833333,3.702,-1.520916778,"3","1"
3.51,7.969444445,2.865,0.561915066,"3","1"
3.35,7.6,3.078888889,-1.000208817,"3","1"
3.04,7.21547619,3.405,-1.520916778,"3","1"
3.89,6.702,3.688928571,-0.479500856,"3","1"
3.95,6.18703703666667,3.823235294,1.603330987,"3","1"
3.63,5.39047619,3.57,0.561915066,"3","1"
3.59,7.1375,3.726206897,1.603330987,"3","1"
3.07,5.823214285,2.98,0.041207105,"3","1"
3.7,7.260714285,3.775,0.041207105,"3","1"
3.47,7.48939394,3.500967742,0.561915066,"3","1"
3.33,6.46547619,2.947142857,1.082623027,"3","1"
3.3,8.11060606,3.0975,0.041207105,"3","1"
3.76,7.28641975333333,3.803333333,1.603330987,"3","1"
3.41,6.82469135833333,3.155454545,-1.000208817,"3","1"
3.78,7.6,3.88,-1.000208817,"3","1"
3.23,6.87948718,3.259655172,0.041207105,"3","1"
4,6.204761905,3.917419355,1.603330987,"3","1"
3.45,7.70714285666667,3.71,-1.520916778,"3","1"
3.95,7.21851851833333,3.730625,-1.000208817,"3","1"
3.49,7.28214285666667,3.57,-0.479500856,"3","1"
3.59,6.48154761833333,3.240625,-0.479500856,"3","1"
3.7,7.148039215,3.665862069,0.041207105,"3","1"
3.13,6.31521739166667,3.32037037,-0.479500856,"3","1"
3.8,6.61078431333333,3.78,1.082623027,"3","1"
3.08,7.97533333333333,2.830833333,1.603330987,"3","1"
3.53,6.95384615333333,3.315,0.041207105,"3","1"
3.3,6.17797619,3.653703704,-0.479500856,"3","1"
3.97,6.96474359,4,-0.479500856,"3","1"
3.27,6.08333333333333,3.25,0.041207105,"3","1"
2.99,7.53271605,3.215,1.603330987,"3","0"
3.37,7.215384615,3.390357143,0.561915066,"3","1"
3.94,6.479012345,3.958857143,-0.479500856,"3","1"
3,6.12407407333333,2.9,0.041207105,"3","1"
3.4,7.66011904833333,2.998,0.041207105,"3","1"
3.86,6.85833333333333,3.724117647,1.603330987,"3","1"
3.93,6.892,3.946428571,0.041207105,"3","1"
2.94,6.71543209833333,3.492258065,-0.479500856,"3","0"
3.3,5.88024691333333,3.657272727,-1.000208817,"3","1"
3.83,5.82619047666667,3.635,1.603330987,"3","1"
2.67,6.13712121166667,2.83,0.041207105,"3","0"
3.8,6.84285714333333,3.862592593,0.041207105,"3","1"
3.09,7.49266666666667,3.611,-0.479500856,"3","1"
2.77,6.54642857166667,3.385,-0.479500856,"3","0"
3,6.55705128166667,3.052727273,0.041207105,"3","1"
3.28,6.37916666666667,3.154482759,-1.520916778,"3","1"
3.14,6.15448718,3.139259259,-0.479500856,"3","1"
2.86,6.532098765,2.799130435,0.561915066,"3","0"
3.17,6.651785715,3.680625,0.041207105,"3","1"
3.52,4.97222222166667,3.88,1.603330987,"3","1"
3.63,6.78974359,3.601034483,0.561915066,"3","1"
3.91,7.27196969666667,3.948275862,1.603330987,"3","1"
3.01,6.72469135833333,3.363703704,0.041207105,"3","1"
3.49,7.25576923,3.625454545,-1.000208817,"3","1"
3.5,5.66590909166667,3.4,-0.842877075,"1","1"
2.4,6.905555555,2.53,-0.127051324,"1","0"
3.37,6.35357142833333,2.79,0.11155726,"1","1"
3.39,5.84492753666667,3.29,0.11155726,"1","1"
3.38,5.96212121166667,3.59,0.11155726,"1","1"
3.46,6.27643678166667,3.48,-0.365659907,"1","1"
3.57,6.86388888833333,3.77,-0.365659907,"1","1"
3.58,7.03563218333333,3.22,1.065991594,"1","1"
3.81,7.08908046,3.74,0.827383011,"1","1"
3.61,6.034920635,3.8,1.781817345,"1","1"
3.59,5.66666666666667,3.56,-0.604268491,"1","1"
3.05,4.39215686333333,3.21,-0.842877075,"1","1"
2.18,4.72222222166667,3.6,-0.365659907,"1","0"
3.78,6.80535714333333,2.86,-0.604268491,"1","1"
4,6.862068965,4,2.73625168,"1","1"
4,6.554761905,4,0.11155726,"1","1"
3.42,7.18908046,4,1.543208762,"1","1"
4,7.129761905,4,-2.035919993,"1","1"
3.81,6.562,3.78,-0.604268491,"1","1"
4,6.63271605,3.56,-0.842877075,"1","1"
4,7.11842105333333,3.8,0.11155726,"1","1"
3.79,7.02456140333333,3.77,-0.365659907,"1","1"
4,6.47348484833333,4,1.304600178,"1","1"
2.79,7.14166666666667,2.36,-0.365659907,"1","0"
2.47,7.62283950666667,1.7,-1.320094242,"1","0"
3.57,6.75641025666667,3.52,0.588774427,"1","1"
3.53,6.88511904833333,3,-0.842877075,"1","1"
3.9,7.42066666666667,3.196295815,-3.982520982,"2","1"
4,6.03015873,3.9230765,0.373361342,"2","1"
3.56923,6.175,3.555172069,-0.497815123,"2","1"
3.533333,6.74666666666667,3.592856464,0.373361342,"2","1"
3.838461,7.320238095,3.744827034,-0.497815123,"2","1"
3.9,7.22083333333333,3.883333,-1.80457982,"2","1"
3.608333,6.18511904833333,3.466666182,-0.933403355,"2","1"
3.766666,5.81604938333333,3.96,0.373361342,"2","1"
3.566666,5.623214285,3.8666665,0.373361342,"2","1"
3.563636,6.67083333333333,3.396551241,-1.368991587,"2","1"
2.477777,6.65873015833333,3.082757931,1.680126039,"2","0"
3.038461,7.3125,3.2,-0.497815123,"2","1"
3.335714,7.23888888833333,3.686206552,-0.06222689,"2","1"
3.233333,7.27307692333333,3.54074037,0.373361342,"2","1"
3.9,8.28076923,3.9041665,-1.80457982,"2","1"
3.533333,6.49567901166667,3.693102931,0.373361342,"2","1"
3.366666,6.66730769166667,3.590624313,0.373361342,"2","1"
3.464285,6.8,2.611110667,-0.06222689,"2","1"
3.866666,6.434615385,3.7730765,0.373361342,"2","1"
3.944444,7.36547619,3.803333,1.680126039,"2","1"
3.916666,7.48666666666667,3.986842105,1.680126039,"2","1"
3.633333,7.06153846166667,3.239130435,0.373361342,"2","1"
3.441176,5.77857142833333,3.609374969,1.244537807,"2","1"
2.91875,4.79761904833333,3.421428286,0.808949574,"2","0"
3.442857,7.59333333333333,3.709090818,-0.06222689,"2","1"
2.894444,5.49019607833333,3.269999433,1.680126039,"2","0"
3.266666,6.144444445,2.8999996,0.373361342,"2","1"
4,5.89423077,3.880645161,0.373361342,"2","1"
3.666666,6.479761905,3.8799996,0.373361342,"2","1"
3.733333,8.09761904833333,3.5299995,0.373361342,"2","1"
2.933333,6.73333333333333,2.983333,0.373361342,"2","0"
3.866666,6.55833333333333,3.886206586,0.373361342,"2","1"
3.766666,7.92160493833333,3.7999995,0.373361342,"2","1"
3.52,6.39940476166667,2.92,0.041207105,"3","1"
3.63,7.00493827166667,3.335,0.041207105,"3","1"
3.67,6.97559523833333,3.816896552,0.041207105,"3","1"
3,6.698,2.827857143,-3.08304066,"3","1"
3.9,6.10641025666667,3.315,0.561915066,"3","1"
3.28,7.77727272666667,3.428333333,-1.000208817,"3","1"
3.8,8.88690476166667,3.938,0.041207105,"3","1"
3.84,6.054761905,3.267272727,0.041207105,"3","1"
3.59,8.29814814833333,3.33,-0.479500856,"3","1"
3.43,6.70535714333333,3.75862069,0.041207105,"3","1"
3.83,7.22133333333333,2.498235294,-1.000208817,"3","1"
3.91,6.68395061666667,3.788181818,0.561915066,"3","1"
3.77,5.98988095166667,3.720645161,1.603330987,"3","1"
3.46,8.48141025666667,3.546363636,1.082623027,"3","1"
1.96,5.60617284,2.538947368,-1.520916778,"3","0"
2,5.60654761833333,3.03,0.561915066,"3","0"
1.07,3.24637681166667,2.947272727,0.041207105,"3","0"
3.93,6.19285714333333,3.2525,0.041207105,"3","1"
4,6.457738095,3.673448276,0.041207105,"3","1"
3.71,6.62083333333333,3.348181818,1.082623027,"3","1"
4,7.782738095,3.925454545,0.561915066,"3","1"
2.26,5.84691358,3.092333333,-3.603748621,"3","0"
3.37,7.770987655,3.46,-1.000208817,"3","1"
3.11,5.625,3.40875,1.082623027,"3","1"
2.87,7.71833333333333,3.3,0.041207105,"3","0"
4,7.68452381,4,-0.479500856,"3","1"
3.33,7.27083333333333,3.295882353,1.603330987,"3","1"
3.54,7.51785714333333,3.625714286,1.082623027,"3","1"
3.87,6.53154761833333,3.875555556,-0.479500856,"3","1"
0.35,5.58765432166667,1.587692308,-2.5623327,"3","0"
3.33,7.10833333333333,3.165,0.561915066,"3","1"
3.5,7.54266666666667,3.223703704,0.041207105,"3","1"
3.62,6.91025641,3.670689655,0.041207105,"3","1"
3.46,6.72407407333333,3.324347826,-0.479500856,"3","1"
3.54,6.651785715,3.553214286,-1.000208817,"3","1"
3.19,7.15384615333333,3.713928571,-1.000208817,"3","1"
2.97,7.42115384666667,3.5353125,0.041207105,"3","0"
3.71,6.46666666666667,3.1625,2.124038948,"3","1"
3.333166667,7.13095238166667,3.111,NA,"4","1"
3.952428571,6.192528735,3.904857143,NA,"4","1"
3.611166667,6.699444445,3.277666667,NA,"4","1"
3.722166667,7.12222222166667,3.777833333,NA,"4","1"
3.3335,7.33690476166667,3.333428571,NA,"4","1"
3.777833333,5.1,3.666833333,NA,"4","1"
3.5555,5.84916666666667,3.6666,NA,"4","1"
3.714428571,6.875,3.761857143,NA,"4","1"
3.833333333,6.92266666666667,3.833333333,NA,"4","1"
3.9445,4.65287356333333,3.777666667,NA,"4","1"
3.7334,6.36388888833333,3.5555,NA,"4","1"
3.9445,7.08505747166667,3.9445,NA,"4","1"
3.9445,7.67816092,3.611166667,NA,"4","1"
4,5.95722222166667,3.9445,NA,"4","1"
3.91675,7.13,3.666714286,NA,"4","1"
3.888833333,6.39871794833333,3.777833333,NA,"4","1"
3.9445,6.55777777833333,3.888833333,NA,"4","1"
2.833333333,6.755,3.3334,NA,"4","0"
3.904714286,7.48390804666667,3.9445,NA,"4","1"
3.4445,6.202,3.1336,NA,"4","1"
3.889,6.66149425333333,4,NA,"4","1"
3.888833333,6.299444445,3.9445,NA,"4","1"
3.889,7.10057471333333,3.9445,NA,"4","1"
3.476142857,5.06666666666667,3.904857143,NA,"4","1"
3.777833333,6.37277777833333,3.4445,NA,"4","1"
3.666666667,6.629444445,3.5,NA,"4","1"
3.4668,6.23508772,3.0666,NA,"4","1"
3.666666667,5.544444445,3.833333333,NA,"4","1"
3.722333333,6.89367816166667,3.888833333,NA,"4","1"
3.809571429,6.16551724166667,3.619142857,NA,"4","1"
3.500166667,6.55689655166667,3.111166667,NA,"4","1"
3.7334,5.40158730166667,3.389,NA,"4","1"
3.611,4.71041666666667,3.222,NA,"4","1"
3.888833333,6.860714285,3.9445,NA,"4","1"
3.0555,5.88611111166667,3.4002,NA,"4","1"
3.5334,6.993137255,3.428428571,NA,"4","1"
3.4445,6.88218390833333,3.555666667,NA,"4","1"
3.555666667,6.25,3.5,NA,"4","1"
3.952428571,6.84629629666667,4,NA,"4","1"
3.833333333,6.73965517166667,4,NA,"4","1"
3.166666667,6.18653846166667,3.722333333,NA,"4","1"
3.5,6.598850575,3.388833333,NA,"4","1"
3.666714286,6.149358975,3.4445,NA,"4","1"
3.777833333,6.89425287333333,3.571428571,NA,"4","1"
3.611333333,7.31466666666667,3.555666667,NA,"4","1"
3.666666667,6.489444445,3.714428571,NA,"4","1"
3.8668,8.055555555,3.714285714,NA,"4","1"
3.722333333,6.78611111166667,3.4445,NA,"4","1"
3.833333333,6.39469697,3.833333333,NA,"4","1"
2.9445,5.69195402333333,3.5555,NA,"4","0"
3.666666667,6.32111111166667,3.888833333,NA,"4","1"
3.611166667,5.55123456833333,3.778,NA,"4","1"
3.714428571,7.04166666666667,3.761857143,NA,"4","1"
3.666714286,5.99166666666667,3.555666667,NA,"4","1"
3.889,5.87716049333333,3.889,NA,"4","1"
3.8335,5.30238095166667,3.9445,NA,"4","1"
3.778,6.07126436833333,3.333333333,NA,"4","1"
3.809571429,6.4,3.809714286,NA,"4","1"
3.952428571,6.28397435833333,3.666714286,NA,"4","1"
4,6.64012345666667,4,NA,"4","1"
3.875,6.26228070166667,3.666571429,NA,"4","1"
3.666666667,6.50873015833333,3.889,NA,"4","1"
3.833333333,6.79464285666667,3.761857143,NA,"4","1"
3.611166667,7.28888888833333,3.619142857,NA,"4","1"
3.619142857,7.705555555,3.571571429,NA,"4","1"
3.889,7.745555555,3.777833333,NA,"4","1"
3.777833333,5.80804597666667,3.722166667,NA,"4","1"
3.611,6.5125,3.1665,NA,"4","1"
3.5,5.85574712666667,3.611333333,NA,"4","1"
4,6.91794871833333,3.833333333,NA,"4","1"
3.762,5.68015873,3.714428571,NA,"4","1"
3.777666667,5.279761905,3.666666667,NA,"4","1"
3.611333333,7.16722222166667,3.7334,NA,"4","1"
4,7.44540229833333,3.857142857,NA,"4","1"
3.611166667,6.69761904833333,3.277833333,NA,"4","1"
3.7334,7.42388888833333,3.722166667,NA,"4","1"
3.555666667,8.02261904833333,3.389,NA,"4","1"
3.8335,7.28666666666667,3.777833333,NA,"4","1"
3.722166667,7.75,3.777833333,NA,"4","1"
3.91675,7.359770115,3.9445,NA,"4","1"
3.904857143,6.80632183833333,3.952428571,NA,"4","1"
3.333285714,5.508641975,3.291625,NA,"4","1"
3.857142857,5.61547619,3.611333333,NA,"4","1"
3.5555,6.73850574666667,3.277833333,NA,"4","1"
3.444333333,5.79833333333333,3.5,NA,"4","1"
3.238142857,5.19345238166667,3.523857143,NA,"4","1"
3.833333333,6.80287356333333,3.9445,NA,"4","1"
4,6.635,3.888833333,NA,"4","1"
3.4445,5.98245614,3.666666667,NA,"4","1"
3.625,6.75347222166667,3.5334,NA,"4","1"
3.888833333,7.76166666666667,3.889,NA,"4","1"
3.666666667,6.22604166666667,3.666666667,NA,"4","1"
3.000166667,5.279444445,3.222166667,NA,"4","1"
3.555666667,4.98456790166667,3.4445,NA,"4","1"
3.555666667,6.282098765,3.666666667,NA,"4","1"
3.666666667,8.090555555,3.888833333,NA,"4","1"
3.9445,7.79466666666667,3.778,NA,"4","1"
3.904857143,6.91722222166667,3.952428571,NA,"4","1"
3.500166667,5.57549019666667,3.571428571,NA,"4","1"
3.1665,5.01349206333333,3.111166667,NA,"4","1"
3.2,7.91333333333333,3.3335,NA,"4","1"
3.888833333,7.12277777833333,3.9445,NA,"4","1"
3.857285714,6.51551724166667,3.5,NA,"4","1"
3.555666667,5.10535714333333,3.722333333,NA,"4","1"
3.904714286,5.66851851833333,3.833375,NA,"4","1"
3.889,5.964285715,3.777833333,NA,"4","1"
3.666833333,6.11166666666667,3.833333333,NA,"4","1"
3.166666667,4.54310344833333,3.5334,NA,"4","1"
3.9445,7.06222222166667,3.8335,NA,"4","1"
3.555666667,7.545,3.833333333,NA,"4","1"
3.5555,7.57777777833333,3.555666667,NA,"4","1"
3.9445,6.37803030333333,3.761857143,NA,"4","1"
4,6.251149425,3.857142857,NA,"4","1"
3.222333333,5.82179487166667,3.611166667,NA,"4","1"
3.8002,6.134,3.777833333,NA,"4","1"
3.889,7.56111111166667,3.9445,NA,"4","1"
3.9445,7.015555555,3.722333333,NA,"4","1"
3.9445,5.537931035,3.9445,NA,"4","1"
2.722166667,5.42407407333333,3.277666667,NA,"4","0"
3.952428571,6.99,3.762,NA,"4","1"
3.9445,4.34285714333333,3.857285714,NA,"4","1"
4,7.00459770166667,3.777833333,NA,"4","1"
4,7.395,4,NA,"4","1"
4,6.64649122833333,4,NA,"4","1"
3.1334,5.70634920666667,3.500166667,NA,"4","1"
3.714428571,6.51794871833333,3.380857143,NA,"4","1"
3.666666667,6.98777777833333,3.888833333,NA,"4","1"
3.555666667,5.57738095166667,3.4445,NA,"4","1"
3.666666667,5.99655172333333,3.8002,NA,"4","1"
3.9445,6.05333333333333,3.8335,NA,"4","1"
3.166833333,5.85833333333333,3.111166667,NA,"4","1"
3.666833333,7.810714285,3.666666667,NA,"4","1"
3.611166667,6.12988505666667,3.889,NA,"4","1"
3.4445,5.30208333333333,3.611166667,NA,"4","1"
3.388833333,6.01266666666667,3.389,NA,"4","1"
3.722166667,7.12586206833333,3.8335,NA,"4","1"
3.222166667,5.405555555,3.3335,NA,"4","1"
3.611333333,6.39080459833333,3.722166667,NA,"4","1"
3.65,7.96491228,3.868181773,-1.80457982,"2","1"
3.6,6.78589743666667,3.727272273,0.373361342,"2","1"
3.538461,6.61875,3.33749975,-0.497815123,"2","1"
3.222166667,5.46111111166667,3.277833333,NA,"4","1"
